id,value
root-kepler186f,
root-kepler186f.上海远大医疗集团,
root-kepler186f.上海远大医疗集团.上海远大心胸医院,1
root-kepler186f.上海远大医疗集团.上海仁爱医院,1
root-kepler186f.上海远大医疗集团.上海天大医疗美容医院,1
root-kepler186f.上海远大医疗集团.上海沪申五官科医院,1
root-kepler186f.刘亚勇,
root-kepler186f.刘亚勇.武汉当代佳丽医院,1
root-kepler186f.刘亚勇.沈阳曙光男科医院,1
root-kepler186f.刘亚勇.泰州市海陵医院,1
root-kepler186f.刘亚勇.江西吉安市第二人民医院,1
root-kepler186f.刘亚勇.武警陕西总队医院,1
root-kepler186f.刘亚勇.吉林总队医院,1
root-kepler186f.刘亚勇.解放军411医院,1
root-kepler186f.刘亚勇.解放军534医院,1
root-kepler186f.刘亚勇.解放军422医院(武警辽宁总队医院),1
root-kepler186f.刘亚勇.广州458医院,1
root-kepler186f.刘亚勇.武警山西总队医院,1
root-kepler186f.刘亚勇.河南省军区医院,1
root-kepler186f.刘亚勇.湖北荣军医院,1
root-kepler186f.卓国华-玛丽亚医疗投资集团,
root-kepler186f.卓国华-玛丽亚医疗投资集团.成都玛利亚妇产医院,1
root-kepler186f.卓国华-玛丽亚医疗投资集团.成都欧亚男科医院,1
root-kepler186f.卓国华-玛丽亚医疗投资集团.成都玛丽亚（南区）天府国际妇产儿童医院,1
root-kepler186f.卓国华-玛丽亚医疗投资集团.成都市西区医院产科,1
root-kepler186f.卓国华-玛丽亚医疗投资集团.绵阳玛丽亚妇产儿童医院,1
root-kepler186f.卓国华-玛丽亚医疗投资集团.成都新世纪肛肠医院,1
root-kepler186f.陈国森-江苏博润投资公司,
root-kepler186f.陈国森-江苏博润投资公司.成都博润白癜风医院,1
root-kepler186f.陈国森-江苏博润投资公司.成都西南骨科医院,1
root-kepler186f.黄开飞-上海邦泰医疗集团,
root-kepler186f.黄开飞-上海邦泰医疗集团.武警四川省消防总队医院（妇科/泌尿科）,1
root-kepler186f.陈金章-上海鑫玺源投资集团,
root-kepler186f.陈金章-上海鑫玺源投资集团.成都仁品耳鼻喉专科医院,1
root-kepler186f.卓国华,
root-kepler186f.卓国华.成都玛利亚妇产医院,1
root-kepler186f.卓国华.宁波欧亚男科医院,1
root-kepler186f.卓国华.成都欧亚男科医院,1
root-kepler186f.卓国华.宁波甬城医院,1
root-kepler186f.卓国华.嘉兴博爱医院,1
root-kepler186f.江苏盛世同进集团,
root-kepler186f.江苏盛世同进集团.南京曙光医院,1
root-kepler186f.江苏盛世同进集团.南京江宁博爱医院,1
root-kepler186f.江苏盛世同进集团.南京市江宁区众彩门诊部,1
root-kepler186f.江苏盛世同进集团.南京世纪现代妇产医院（南院、东院）,1
root-kepler186f.詹氏医疗集团,
root-kepler186f.詹氏医疗集团.新加坡中骏医院（投资）集团,1
root-kepler186f.詹氏医疗集团.上海中骏医学科学研究所,1
root-kepler186f.詹氏医疗集团.上海澳信医院管理公司,1
root-kepler186f.詹氏医疗集团.上海澳信实业有限公司,1
root-kepler186f.詹氏医疗集团.厦门奥琪进出口贸易有限公司,1
root-kepler186f.詹氏医疗集团.厦门福鹏山生态园,1
root-kepler186f.詹氏医疗集团.厦门中屿基地工程有限公司,1
root-kepler186f.詹氏医疗集团.福建莆田水利工程有限公司,1
root-kepler186f.詹氏医疗集团.福建奥琪汽车贸易公司,1
root-kepler186f.詹氏医疗集团.福州通产光电技术有限公司,1
root-kepler186f.詹氏医疗集团.北京品康科技发展有限公司,1
root-kepler186f.詹氏医疗集团.上海拓能医疗器械有限公司重庆兴渝药业有限公司,1
root-kepler186f.詹氏医疗集团.山东中骏医院管理公司,1
root-kepler186f.詹氏医疗集团.重庆华山医院管理有限公司,1
root-kepler186f.詹氏医疗集团.京品康医院管理有限公司,1
root-kepler186f.詹氏医疗集团.天津华山医院,1
root-kepler186f.詹氏医疗集团.上海博爱医院,1
root-kepler186f.詹氏医疗集团.上海真爱女子医院,1
root-kepler186f.詹氏医疗集团.江苏施尔美整形美容医院,1
root-kepler186f.詹氏医疗集团.泉州南亚医院黑龙江和平医院,1
root-kepler186f.詹氏医疗集团.福州鼓楼医院,1
root-kepler186f.詹氏医疗集团.深圳福华中西医结合医院,1
root-kepler186f.詹氏医疗集团.长春同济医院,1
root-kepler186f.詹氏医疗集团.云南,1
root-kepler186f.詹氏医疗集团.中骏医学科学研究所,1
root-kepler186f.詹氏医疗集团.珠海惠爱医院,1
root-kepler186f.詹氏医疗集团.沈阳北陵医院,1
root-kepler186f.詹氏医疗集团.青岛长征院,1
root-kepler186f.詹氏医疗集团.成都长征医院,1
root-kepler186f.江苏大友投资集团,
root-kepler186f.江苏大友投资集团.上海嘉华医院,1
root-kepler186f.江苏大友投资集团.江阴红房子医院,1
root-kepler186f.江苏大友投资集团.武进红房子医院,1
root-kepler186f.江苏大友投资集团.烟台丽华妇科医院,1
root-kepler186f.江苏大友投资集团.扬州仁爱医院,1
root-kepler186f.江苏大友投资集团.江阴朝阳男科医院,1
root-kepler186f.江苏大友投资集团.青岛开发区友爱医院,1
root-kepler186f.江苏大友投资集团.胶南丽华医院,1
root-kepler186f.江苏大友投资集团.玉溪民康医院,1
root-kepler186f.上海杰韦克医疗投资公司,
root-kepler186f.上海杰韦克医疗投资公司.潍坊博爱医院,1
root-kepler186f.上海杰韦克医疗投资公司.潍坊长安医院潍坊和平医院,1
root-kepler186f.鸿业医疗投资集团,
root-kepler186f.鸿业医疗投资集团.成都济民女子医院,1
root-kepler186f.鸿业医疗投资集团.新疆爱德华医院院,1
root-kepler186f.吴美先,
root-kepler186f.吴美先.北京京城皮肤病医院,1
root-kepler186f.吴美先.河南中都皮肤病医院,1
root-kepler186f.吴美先.唐山京城皮肤病医院,1
root-kepler186f.吴美先.北京京北医院,1
root-kepler186f.吴美先.唐山女子医院,1
root-kepler186f.吴美先.唐山红十字医院,1
root-kepler186f.吴美先.巢湖康平妇产医院,1
root-kepler186f.吴美先.淮北女子医院,1
root-kepler186f.林玉明-博生医疗投资公司,
root-kepler186f.林玉明-博生医疗投资公司.成都丽人女子医院,1
root-kepler186f.香港亚洲医疗投资集团,
root-kepler186f.香港亚洲医疗投资集团.遵义女子医院,1
root-kepler186f.香港亚洲医疗投资集团.苏州新医科,1
root-kepler186f.香港亚洲医疗投资集团.淮安生殖医院,1
root-kepler186f.香港亚洲医疗投资集团.重庆红十字会医院,1
root-kepler186f.香港亚洲医疗投资集团.福州东南女子医院,1
root-kepler186f.李金圆,
root-kepler186f.李金圆.深圳仁康医院,1
root-kepler186f.李金圆.深圳罗岗医院,1
root-kepler186f.李金圆.深圳雪象医院,1
root-kepler186f.李金圆.深圳健安医院,1
root-kepler186f.李金圆.上海新虹桥医院,1
root-kepler186f.李金圆.江苏泰州红房子医院,1
root-kepler186f.李金圆.江苏海安华山医院,1
root-kepler186f.李金圆.中山市国丹中医院,1
root-kepler186f.李金圆.顺德阳新侠义道光康复医院,1
root-kepler186f.李金圆.深圳市国丹广告有限公司,1
root-kepler186f.李金圆.深圳华南妇科医院,1
root-kepler186f.李金圆.深圳国瑞泌尿外科医院,1
root-kepler186f.李金圆.深圳韩美医疗美容医院,1
root-kepler186f.李金圆.深圳市国丹网络科技公司深圳国丹医疗器械有限公司,1
root-kepler186f.林宗金,
root-kepler186f.林宗金.南京华世佳宝妇产医院,1
root-kepler186f.林宗金.宿迁市妇产医院,1
root-kepler186f.林宗金.珠海惠爱医院,1
root-kepler186f.林宗金.温州长征医院,1
root-kepler186f.林宗金.江苏施尔美整形美容医院,1
root-kepler186f.林宗金.南京建国男科医院,1
root-kepler186f.林宗金.深圳仁爱医院,1
root-kepler186f.林宗金.云南玛莉亚医院,1
root-kepler186f.林宗金.杭州玛莉亚妇女医院,1
root-kepler186f.林宗金.上海真爱女子医院,1
root-kepler186f.林宗金.天津怡泰生殖专科医院,1
root-kepler186f.林宗金.无锡嘉仕恒信医院,1
root-kepler186f.林宗金.上海博爱医院,1
root-kepler186f.林宗金.福州鼓楼医院,1
root-kepler186f.林宗金.温州协和医院,1
root-kepler186f.林宗金.宁波博爱医院,1
root-kepler186f.林宗金.昆明西昌路医院,1
root-kepler186f.林宗金.无锡南站医院,1
root-kepler186f.林宗金.泉州南亚华侨医院,1
root-kepler186f.林宗金.湖南二院前列腺专科,1
root-kepler186f.远东国际医疗投资集团,
root-kepler186f.远东国际医疗投资集团.广州远东美容医院,1
root-kepler186f.远东国际医疗投资集团.郑州丽天整形医院,1
root-kepler186f.苏瑞高-创新高医疗投资集团,
root-kepler186f.苏瑞高-创新高医疗投资集团.成都天康医院,1
root-kepler186f.苏瑞高-创新高医疗投资集团.成都龙都医院,1
root-kepler186f.阳光医院连锁集团,
root-kepler186f.阳光医院连锁集团.深圳阳光医院,1
root-kepler186f.阳光医院连锁集团.黑龙江阳光女子医院,1
root-kepler186f.阳光医院连锁集团.重庆阳光医院,1
root-kepler186f.阳光医院连锁集团.上海阳光中医医院,1
root-kepler186f.阳光医院连锁集团.广西阳光医院,1
root-kepler186f.阳光医院连锁集团.四川阳光妇科医院,1
root-kepler186f.阳光医院连锁集团.北京阳光丽人妇科医院,1
root-kepler186f.阳光医院连锁集团.山西新阳光妇科医院,1
root-kepler186f.阳光医院连锁集团.长春阳光女子医院,1
root-kepler186f.阳光医院连锁集团.长春阳光口腔医院,1
root-kepler186f.阳光医院连锁集团.涡阳阳光医院,1
root-kepler186f.阳光医院连锁集团.芜湖阳光眼科医院,1
root-kepler186f.阳光医院连锁集团.巢湖阳光妇幼医院,1
root-kepler186f.阳光医院连锁集团.淮北阳光心理院,1
root-kepler186f.阳光医院连锁集团.泉州新阳光女子医院,1
root-kepler186f.阳光医院连锁集团.龙岩阳光医院,1
root-kepler186f.阳光医院连锁集团.福清阳光女子医院,1
root-kepler186f.阳光医院连锁集团.四平阳光医院,1
root-kepler186f.阳光医院连锁集团.济南阳光女子医院,1
root-kepler186f.阳光医院连锁集团.青岛新阳光医院,1
root-kepler186f.阳光医院连锁集团.齐河阳光医院,1
root-kepler186f.阳光医院连锁集团.南京阳光肿瘤医院,1
root-kepler186f.阳光医院连锁集团.泗洪阳光儿童医院,1
root-kepler186f.阳光医院连锁集团.昆山阳光医院,1
root-kepler186f.阳光医院连锁集团.顺德阳光康复医院,1
root-kepler186f.阳光医院连锁集团.中山阳光医院,1
root-kepler186f.阳光医院连锁集团.珠海阳光医院,1
root-kepler186f.阳光医院连锁集团.长沙阳光医院,1
root-kepler186f.阳光医院连锁集团.湘潭阳光眼科中心,1
root-kepler186f.阳光医院连锁集团.昆明阳光医院,1
root-kepler186f.阳光医院连锁集团.富源阳光医院,1
root-kepler186f.阳光医院连锁集团.巩义阳光医院,1
root-kepler186f.阳光医院连锁集团.娄底阳光医院,1
root-kepler186f.阳光医院连锁集团.伊犁阳光女子医院,1
root-kepler186f.阳光医院连锁集团.伊宁阳光女子医院,1
root-kepler186f.阳光医院连锁集团.湖州阳光女子医院,1
root-kepler186f.阳光医院连锁集团.桂林阳光医院,1
root-kepler186f.阳光医院连锁集团.武汉阳光女子医院,1
root-kepler186f.阳光医院连锁集团.九江阳光女子医院,1
root-kepler186f.阳光医院连锁集团.万州阳光眼科医院,1
root-kepler186f.阳光医院连锁集团.西安阳光医院,1
root-kepler186f.阳光医院连锁集团.大连阳光医院,1
root-kepler186f.新加坡华康医疗投资集团,
root-kepler186f.新加坡华康医疗投资集团.成都康新妇科医院,1
root-kepler186f.新加坡华康医疗投资集团.杭州和睦医院,1
root-kepler186f.吴德坤-北京中德博大投资公司,
root-kepler186f.吴德坤-北京中德博大投资公司.成都博大男科医院,1
root-kepler186f.林卓朝阳-四川省福建商会常务副会长,
root-kepler186f.林卓朝阳-四川省福建商会常务副会长.成都博爱医院,1
root-kepler186f.林卓朝阳-四川省福建商会常务副会长.成都安琪儿妇产医院,1
root-kepler186f.林卓朝阳-四川省福建商会常务副会长.成都蜀都乳腺医院,1
root-kepler186f.林卓朝阳-四川省福建商会常务副会长.成都康新妇科医院,1
root-kepler186f.林卓朝阳-四川省福建商会常务副会长.成都市青羊区第二人民医院,1
root-kepler186f.林卓朝阳-四川省福建商会常务副会长.圣贝国际牙科（成都）旗舰医院,1
root-kepler186f.蔡兵洪-上海盛康医院投资管理公司,
root-kepler186f.蔡兵洪-上海盛康医院投资管理公司.成都肛泰肛肠医院,1
root-kepler186f.北京中豪基业医疗投资管理有限公司,
root-kepler186f.北京中豪基业医疗投资管理有限公司.保定现代女子医院,1
root-kepler186f.北京中豪基业医疗投资管理有限公司.长治女子医院,1
root-kepler186f.北京中豪基业医疗投资管理有限公司.淄博女子医院,1
root-kepler186f.北京中豪基业医疗投资管理有限公司.大同新时代妇科医院,1
root-kepler186f.北京中豪基业医疗投资管理有限公司.晋城生殖医院,1
root-kepler186f.北京中豪基业医疗投资管理有限公司.原白癜风医院,1
root-kepler186f.北京中豪基业医疗投资管理有限公司.保定白癜风医院,1
root-kepler186f.卓朝阳,
root-kepler186f.卓朝阳.成都博爱医院,1
root-kepler186f.卓朝阳.西藏博爱医院,1
root-kepler186f.卓朝阳.成都安琪儿妇产医院,1
root-kepler186f.卓朝阳.宁夏妇产医院,1
root-kepler186f.卓朝阳.成都蜀都乳腺医院,1
root-kepler186f.卓朝阳.舟山市千岛医院,1
root-kepler186f.卓朝阳.舟山市千岛医院妇产科,1
root-kepler186f.卓朝阳.福州总医院第二附属医院,1
root-kepler186f.卓朝阳.蚌埠解放军一二三中心医院,1
root-kepler186f.卓朝阳.解放军第三七一中心医院,1
root-kepler186f.卓朝阳.乌海现代医院,1
root-kepler186f.卓朝阳.拉萨北大泌尿生殖医院,1
root-kepler186f.上海中硕医疗集团,
root-kepler186f.上海中硕医疗集团.江阴东方女子医院,1
root-kepler186f.上海中硕医疗集团.泰州海陵女子医院,1
root-kepler186f.上海中硕医疗集团.常熟东方妇科医院,1
root-kepler186f.上海中硕医疗集团.宜兴武警医院,1
root-kepler186f.上海中硕医疗集团.杭州萧山九龙男科医院,1
root-kepler186f.上海中硕医疗集团.江阴九龙泌尿外科医院,1
root-kepler186f.上海中硕医疗集团.黑龙江长庚耳鼻喉医院,1
root-kepler186f.上海中硕医疗集团.长春长庚耳鼻喉医院,1
root-kepler186f.上海中硕医疗集团.天津长庚耳鼻喉医院,1
root-kepler186f.上海中硕医疗集团.山西长庚耳鼻喉医院,1
root-kepler186f.上海中硕医疗集团.温州爱尔五官科医院,1
root-kepler186f.上海中硕医疗集团.张家港朝阳五官科医院,1
root-kepler186f.陈建煌,
root-kepler186f.陈建煌.济南华夏医院,1
root-kepler186f.陈建煌.武汉华夏医院,1
root-kepler186f.陈建煌.内蒙古天骄医院,1
root-kepler186f.陈建煌.北京前海股骨头医院,1
root-kepler186f.陈建煌.贵州退休医师医院,1
root-kepler186f.陈建煌.荆州华康医院,1
root-kepler186f.陈建煌.武汉华美医院,1
root-kepler186f.陈建煌.瑞安华东医院,1
root-kepler186f.陈建煌.铜仁华夏医院,1
root-kepler186f.陈建煌.聊城东昌府三医院,1
root-kepler186f.深圳中豪医院集团,
root-kepler186f.深圳中豪医院集团.深圳同仁妇科医院,1
root-kepler186f.深圳中豪医院集团.东莞南华妇科医院,1
root-kepler186f.深圳中豪医院集团.广州花都人爱医院,1
root-kepler186f.深圳中豪医院集团.东莞东方泌尿专科医院,1
root-kepler186f.深圳中豪医院集团.汕头妇产医院,1
root-kepler186f.深圳博爱医疗集团旗下机构有,
root-kepler186f.深圳博爱医疗集团旗下机构有.医网,1
root-kepler186f.深圳博爱医疗集团旗下机构有.中华整形网,1
root-kepler186f.深圳博爱医疗集团旗下机构有.中华不育网,1
root-kepler186f.深圳博爱医疗集团旗下机构有.广州人流网,1
root-kepler186f.深圳博爱医疗集团旗下机构有.中华肿瘤网,1
root-kepler186f.深圳博爱医疗集团旗下机构有.广州现代医院,1
root-kepler186f.深圳博爱医疗集团旗下机构有.广州长安医院,1
root-kepler186f.深圳博爱医疗集团旗下机构有.广州益寿医院,1
root-kepler186f.深圳博爱医疗集团旗下机构有.惠州仁德妇科医院,1
root-kepler186f.深圳博爱医疗集团旗下机构有.广州利德医院,1
root-kepler186f.深圳博爱医疗集团旗下机构有.东方俪人医院,1
root-kepler186f.深圳博爱医疗集团旗下机构有.番禺玛莉亚肛肠医院,1
root-kepler186f.深圳博爱医疗集团旗下机构有.贵阳五官中心,1
root-kepler186f.深圳博爱医疗集团旗下机构有.广州圣亚泌尿外科医院,1
root-kepler186f.深圳博爱医疗集团旗下机构有.深圳博爱医院,1
root-kepler186f.深圳博爱医疗集团旗下机构有.深圳曙光医院,1
root-kepler186f.深圳博爱医疗集团旗下机构有.深圳远东妇儿科医院,1
root-kepler186f.深圳博爱医疗集团旗下机构有.上海仁爱医院,1
root-kepler186f.深圳博爱医疗集团旗下机构有.上海心脏病医院,1
root-kepler186f.深圳博爱医疗集团旗下机构有.上海沪申五官科医院,1
root-kepler186f.三角洲集团(医院投资管理)有限公司,
root-kepler186f.三角洲集团(医院投资管理)有限公司.深圳凤凰医院,1
root-kepler186f.三角洲集团(医院投资管理)有限公司.常熟仁爱医院,1
root-kepler186f.三角洲集团(医院投资管理)有限公司.杭州广仁医院,1
root-kepler186f.九州医院投资管理公司,
root-kepler186f.九州医院投资管理公司.昆明九州医院,1
root-kepler186f.九州医院投资管理公司.玉溪九州医院,1
root-kepler186f.九州医院投资管理公司.曲靖九州医院,1
root-kepler186f.翁国亮,
root-kepler186f.翁国亮.嘉兴曙光中西医结合医院,1
root-kepler186f.翁国亮.上饶协和医院,1
root-kepler186f.翁国亮.重庆市爱德华医院,1
root-kepler186f.翁国亮.珠海九龙医院,1
root-kepler186f.翁国亮.澳美佳女子医院,1
root-kepler186f.北京东大医院管理公司,
root-kepler186f.北京东大医院管理公司.成都东大肛肠医院,1
root-kepler186f.北京东大医院管理公司.南充东大肛肠医院,1
root-kepler186f.北京东大医院管理公司.四川肛肠医院,1
root-kepler186f.北京东大医院管理公司.泸州东大肛肠医院,1
root-kepler186f.北京东大医院管理公司.襄阳东大肛肠医院,1
root-kepler186f.北京东大医院管理公司.西安东大肛肠医院,1
root-kepler186f.京洲集团医院投资有限公司,
root-kepler186f.京洲集团医院投资有限公司.昆明九州泌尿医院,1
root-kepler186f.京洲集团医院投资有限公司.江东泌尿外科医院,1
root-kepler186f.京洲集团医院投资有限公司.上海九州泌尿医院,1
root-kepler186f.京洲集团医院投资有限公司.上海青城医院,1
root-kepler186f.京洲集团医院投资有限公司.上海博大医院,1
root-kepler186f.京洲集团医院投资有限公司.上海中亚医院,1
root-kepler186f.香港瑞恩集团董事长卓国金,
root-kepler186f.香港瑞恩集团董事长卓国金.山西民生医院,1
root-kepler186f.香港瑞恩集团董事长卓国金.太原糖尿病专科医院,1
root-kepler186f.香港瑞恩集团董事长卓国金.成都糖尿病专科医院,1
root-kepler186f.香港瑞恩集团董事长卓国金.北京瑞京糖尿病医院,1
root-kepler186f.香港瑞恩集团董事长卓国金.运城禹都人民医院,1
root-kepler186f.香港瑞恩集团董事长卓国金.太原新医医院,1
root-kepler186f.香港瑞恩集团董事长卓国金.太原益民中医院,1
root-kepler186f.香港瑞恩集团董事长卓国金.兰州仁和医院,1
root-kepler186f.香港瑞恩集团董事长卓国金.浙江金华博康生殖医院,1
root-kepler186f.香港瑞恩集团董事长卓国金.成都曙光男科医院,1
root-kepler186f.詹玉鹏,
root-kepler186f.詹玉鹏.黑龙江玛丽亚妇产医院,1
root-kepler186f.詹玉鹏.青岛妇婴医院,1
root-kepler186f.詹玉鹏.青岛玛丽妇产医院,1
root-kepler186f.詹玉鹏.济南乳腺医院,1
root-kepler186f.詹玉鹏.无锡玛丽亚医院,1
root-kepler186f.詹玉鹏.重庆华山中医乳腺病医院,1
root-kepler186f.詹玉鹏.济南坤如玛丽医院,1
root-kepler186f.詹玉鹏.重庆坤如玛丽医院,1
root-kepler186f.詹玉鹏.泉州坤如玛丽医院,1
root-kepler186f.詹玉鹏.天津坤如玛丽医院,1
root-kepler186f.黄德锋黄开飞,
root-kepler186f.黄德锋黄开飞.北京五洲投资集团,1
root-kepler186f.黄德锋黄开飞.北京五洲女子医院,1
root-kepler186f.黄德锋黄开飞.呼和浩特五洲女子医院,1
root-kepler186f.黄德锋黄开飞.重庆五洲女子医院,1
root-kepler186f.黄德锋黄开飞.北京圣保罗男子医院,1
root-kepler186f.黄德锋黄开飞.北京东方伟业医院管理有限公司,1
root-kepler186f.黄德锋黄开飞.河北东方中西医结合医院,1
root-kepler186f.黄德锋黄开飞.江苏淮安中山医院,1
root-kepler186f.黄德锋黄开飞.天津怡泰医院,1
root-kepler186f.黄德锋黄开飞.天津乐园医院,1
root-kepler186f.黄德锋黄开飞.北京慧中医院,1
root-kepler186f.黄德锋黄开飞.北京恒安中医院,1
root-kepler186f.黄德锋黄开飞.北京建国医院,1
root-kepler186f.黄德锋黄开飞.北京国际医疗中心等十几家医院。,1
root-kepler186f.黄德锋黄开飞.上海邦泰医院投资管理公司,1
root-kepler186f.黄德锋黄开飞.上海九龙男子医院,1
root-kepler186f.黄德锋黄开飞.上海城市女子医院,1
root-kepler186f.黄德锋黄开飞.上海西郊骨科医院,1
root-kepler186f.黄德锋黄开飞.上海真美妇科医院,1
root-kepler186f.黄德锋黄开飞.上海南浦妇科医院等,1
root-kepler186f.黄德锋黄开飞.北京天伦不孕不育医院,1
root-kepler186f.黄德锋黄开飞.北京玛丽妇婴医院,1
root-kepler186f.黄德锋黄开飞.青岛曙光男科医院,1
root-kepler186f.黄德锋黄开飞.石家庄美联臣医疗美容医院,1
root-kepler186f.黄德锋黄开飞.北京美联臣医疗美容医院,1
root-kepler186f.黄德锋黄开飞.山东青岛曙光医院,1
root-kepler186f.黄德锋黄开飞.山东淄博金盾医院,1
root-kepler186f.黄德锋黄开飞.广州市江南医院,1
root-kepler186f.黄德锋黄开飞.北京阳光丽人妇科医院,1
root-kepler186f.黄德锋黄开飞.北京国际医疗中心,1
root-kepler186f.黄德锋黄开飞.山西阳泉东方生殖医院,1
root-kepler186f.黄德锋黄开飞.江苏淮安中山医院-,1
root-kepler186f.香港和谐投资集团现投资,
root-kepler186f.香港和谐投资集团现投资.贵阳长江医院,1
root-kepler186f.香港和谐投资集团现投资.贵阳和谐阳光医院,1
root-kepler186f.香港和谐投资集团现投资.贵阳马王庙医院,1
root-kepler186f.香港和谐投资集团现投资.安顺阳光妇科医院,1
root-kepler186f.香港和谐投资集团现投资.毕节现代医院,1
root-kepler186f.香港和谐投资集团现投资.长沙华夏医院,1
root-kepler186f.香港和谐投资集团现投资.长沙湘江医院七大医院,1
root-kepler186f.詹国太,
root-kepler186f.詹国太.北京众安康中医骨科,1
root-kepler186f.詹国太.厦门友好妇科,1
root-kepler186f.詹国太.南京康豪妇科,1
root-kepler186f.詹国太.厦门湖里康乐门诊部,1
root-kepler186f.吴鸣,
root-kepler186f.吴鸣.郑州集美整形美容医院,1
root-kepler186f.吴鸣.青岛集美整形美容医院,1
root-kepler186f.吴鸣.济南整形美容医院,1
root-kepler186f.吴鸣.三家全资机构,1
root-kepler186f.上海满红红医院投资管理公司,
root-kepler186f.上海满红红医院投资管理公司.合肥九龙男科医院,1
root-kepler186f.上海满红红医院投资管理公司.合肥丹凤朝阳妇科医院,1
root-kepler186f.上海满红红医院投资管理公司.芜湖丹凤朝阳妇科医院,1
root-kepler186f.郑建发,
root-kepler186f.郑建发.龙岩女子医院,1
root-kepler186f.郑建发.安阳协和医院,1
root-kepler186f.郑建发.哈尔滨市生殖保健中心院,1
root-kepler186f.郑建发.北京市慧慈医院,1
root-kepler186f.郑建发.大连长城妇科医院,1
root-kepler186f.郑建发.惠阳女子医院,1
root-kepler186f.郑建发.哈尔滨欧亚男科医院,1
root-kepler186f.郑建发.廊坊万福医院,1
root-kepler186f.郑建发.廊坊世纪协和医院,1
root-kepler186f.郑建发.保定京津医院,1
root-kepler186f.郑建发.保定世纪协和医院,1
root-kepler186f.郑建发.保定长安医院,1
root-kepler186f.郑建发.洛阳牡丹女子医院,1
root-kepler186f.郑建发.平顶山市武警医院,1
root-kepler186f.郑建发.福州左海医院,1
root-kepler186f.中健公司,
root-kepler186f.中健公司.北京玛丽妇婴医院,1
root-kepler186f.中健公司.济南妇科医院,1
root-kepler186f.中健公司.山东红十字会医院,1
root-kepler186f.中健公司.合肥市中山医院,1
root-kepler186f.中健公司.北京麦瑞骨科医院,1
root-kepler186f.中健公司.济南骨科医院,1
root-kepler186f.加拿大凤凰医院管理公司,
root-kepler186f.加拿大凤凰医院管理公司.北京健宫医院,1
root-kepler186f.加拿大凤凰医院管理公司.大连新世纪医院,1
root-kepler186f.加拿大凤凰医院管理公司.吉林创作医院,1
root-kepler186f.加拿大凤凰医院管理公司.无锡新区医院,1
root-kepler186f.加拿大凤凰医院管理公司.深圳凤凰医院,1
root-kepler186f.香港康联医疗（国际）投资集团,
root-kepler186f.香港康联医疗（国际）投资集团.博爱泌尿专科医院,1
root-kepler186f.林玉盛-福建誉盛投资公司,
root-kepler186f.林玉盛-福建誉盛投资公司.成都养和堂综合门诊部,1
root-kepler186f.林玉盛-福建誉盛投资公司.成都中仁泌尿外科医院,1
root-kepler186f.林玉盛-福建誉盛投资公司.凉山妇产医院,1
root-kepler186f.林玉盛-福建誉盛投资公司.凉山华西医院,1
root-kepler186f.林玉盛-福建誉盛投资公司.凉山生殖健康医院,1
root-kepler186f.林玉盛-福建誉盛投资公司.凉山骨科医院,1
root-kepler186f.林玉盛-福建誉盛投资公司.凉山男科医院,1
root-kepler186f.林玉盛-福建誉盛投资公司.四川中医药高等专科学校附属医院,1
root-kepler186f.香港济丰集团,
root-kepler186f.香港济丰集团.洛阳牡丹女子医院,1
root-kepler186f.湖南年轮医疗集团,
root-kepler186f.湖南年轮医疗集团.长沙阳光医院,1
root-kepler186f.湖南年轮医疗集团.长沙仁爱医院,1
root-kepler186f.湖南年轮医疗集团.长沙恒生手外科医院,1
root-kepler186f.湖南年轮医疗集团.长沙博大泌尿专科医院,1
root-kepler186f.湖南年轮医疗集团.长沙南方骨外科医院,1
root-kepler186f.友康集团,
root-kepler186f.友康集团.信阳泌尿外科医院,1
root-kepler186f.友康集团.郑州华夏白癜风医院,1
root-kepler186f.友康集团.许昌新时代妇科医院,1
root-kepler186f.友康集团.九江玛丽亚医院,1
root-kepler186f.友康集团.九江新世纪医院,1
root-kepler186f.友康集团.赣州现代泌尿专科医院,1
root-kepler186f.友康集团.漯河东方医院,1
root-kepler186f.友康集团.黄冈泌尿专科医院,1
root-kepler186f.友康集团.萍乡市新世纪泌尿专科医院,1
root-kepler186f.友康集团.莆田丽人妇科医院,1
root-kepler186f.友康集团.萍乡妇科医院,1
root-kepler186f.苏其远苏其林,
root-kepler186f.苏其远苏其林.江门玛丽妇科医院,1
root-kepler186f.苏其远苏其林.佛山三水女子医院,1
root-kepler186f.苏其远苏其林.深圳健丰医院,1
root-kepler186f.苏其远苏其林.广州济慈医院,1
root-kepler186f.苏其远苏其林.广东民安医院,1
root-kepler186f.苏其远苏其林.广州长泰医院,1
root-kepler186f.苏其远苏其林.顺德广济中医院,1
root-kepler186f.苏其远苏其林.广州健安医院,1
root-kepler186f.苏其远苏其林.塘厦康桥医院,1
root-kepler186f.苏其远苏其林.中山和平中医院,1
root-kepler186f.苏其远苏其林.东莞康桥妇科医院,1
root-kepler186f.苏其远苏其林.惠州东江泌尿专科医院,1
root-kepler186f.苏其远苏其林.深圳龙济医院,1
root-kepler186f.苏其远苏其林.东莞乌沙医院,1
root-kepler186f.苏其远苏其林.顺德新世纪泌尿医院,1
root-kepler186f.苏其远苏其林.东莞万福妇产医院,1
root-kepler186f.苏其远苏其林.顺德庄头医院,1
root-kepler186f.香港康联（国际）,
root-kepler186f.香港康联（国际）.南昌市第五医院,1
root-kepler186f.香港康联（国际）.南昌仁爱女子医院,1
root-kepler186f.香港康联（国际）.南昌曙光手足外科医院,1
root-kepler186f.香港康联（国际）.南昌佳美美容医院,1
root-kepler186f.香港康联（国际）.南昌华山不孕不育医院,1
root-kepler186f.香港康联（国际）.南昌博爱泌尿专科医院,1
root-kepler186f.香港康联（国际）.南昌东大肛肠专科医院,1
root-kepler186f.香港康联（国际）.南昌博大耳鼻咽喉专科医院,1
root-kepler186f.香港康联（国际）.上饶东大肛肠专科医院,1
root-kepler186f.卓国金-香港瑞恩集团,
root-kepler186f.卓国金-香港瑞恩集团.成都糖尿病专科医院,1
root-kepler186f.卓国金-香港瑞恩集团.成都曙光男科医院,1
root-kepler186f.卓国金-香港瑞恩集团.成都瑞恩糖尿病医院,1
root-kepler186f.林玉明,
root-kepler186f.林玉明.天津现代女子医院,1
root-kepler186f.林玉明.威海现代女子医院,1
root-kepler186f.林玉明.山西现代女子医院,1
root-kepler186f.林玉明.临汾现代女子医院,1
root-kepler186f.林玉明.晋城现代女子医院,1
root-kepler186f.林玉明.西安俪人医院,1
root-kepler186f.林玉明.黑龙江和美妇产医院,1
root-kepler186f.林玉明.延吉博生现代妇科医院,1
root-kepler186f.林玉明.包头现代女子妇产医院,1
root-kepler186f.林玉明.广州女子医院,1
root-kepler186f.林玉明.中山现代妇科医院,1
root-kepler186f.林玉明.东莞现代妇科医院,1
root-kepler186f.林玉明.深圳和美妇儿科医院,1
root-kepler186f.林玉明.福州现代妇产医院,1
root-kepler186f.林玉明.舟山现代妇科医院,1
root-kepler186f.林玉明.武汉现代女子妇科医院,1
root-kepler186f.林玉明.长沙现代女子医院,1
root-kepler186f.林玉明.长沙丽人妇产医院,1
root-kepler186f.林玉明.成都丽人女子医院,1
root-kepler186f.林玉明.重庆现代女子医院,1
root-kepler186f.林玉明.重庆都市丽人医院,1
root-kepler186f.林玉明.重庆万州博生医院,1
root-kepler186f.林玉明.重庆万州美妇产医院,1
root-kepler186f.林玉明.涪陵博生和美妇产医院,1
root-kepler186f.林玉明.贵阳现代女子医院,1
root-kepler186f.林玉明.贵阳和美妇产医院,1
root-kepler186f.陈金秀-西红柿医疗集团,
root-kepler186f.陈金秀-西红柿医疗集团.成都华美美莱整形医院,1
root-kepler186f.陈金秀-西红柿医疗集团.成都永康医院,1
root-kepler186f.陈金秀-西红柿医疗集团.资阳泌尿专科医院,1
root-kepler186f.詹氏家族,
root-kepler186f.詹氏家族.上海衡域实业有限公司,1
root-kepler186f.詹氏家族.上海新钟广告有限公司,1
root-kepler186f.詹氏家族.浙江新安国际医院有限公司,1
root-kepler186f.詹氏家族.浙江新安国际医院,1
root-kepler186f.卓国金,
root-kepler186f.卓国金.香港瑞恩集团旗下医院:,1
root-kepler186f.卓国金.山西民生医院,1
root-kepler186f.卓国金.太原糖尿病专科医院,1
root-kepler186f.卓国金.成都糖尿病专科医院,1
root-kepler186f.卓国金.北京瑞京糖尿病医院,1
root-kepler186f.卓国金.运城禹都人民医院,1
root-kepler186f.卓国金.太原新医医院,1
root-kepler186f.卓国金.太原益民中医院,1
root-kepler186f.卓国金.兰州仁和医院,1
root-kepler186f.卓国金.浙江金华博康生殖医院,1
root-kepler186f.卓国金.成都曙光男科医院,1
root-kepler186f.李国顺-四川省福建商会名誉会长,
root-kepler186f.李国顺-四川省福建商会名誉会长.成都维多利亚女子医院,1
root-kepler186f.李国顺-四川省福建商会名誉会长.成都阳光妇科医院,1
root-kepler186f.李国顺-四川省福建商会名誉会长.四川生殖健康中心专科医院,1
root-kepler186f.香港慈济医疗（国际）投资集团,
root-kepler186f.香港慈济医疗（国际）投资集团.南昌仁爱女子医院,1
root-kepler186f.新加坡华康集团,
root-kepler186f.新加坡华康集团.上海康新医院,1
root-kepler186f.新加坡华康集团.成都康新妇科医院,1
root-kepler186f.新加坡华康集团.解放军妇产科中心,1
root-kepler186f.新加坡华康集团.武警四川总队医院(原解放军372医院),1
root-kepler186f.新加坡华康集团.武警海南总队医院妇科中心,1
root-kepler186f.新加坡华康集团.新彊维吾尔自治区人民医院肿瘤中心,1
root-kepler186f.新加坡华康集团.黑龙江省武警黄金医院妇科,1
root-kepler186f.新加坡华康集团.解放军沈阳463医院希美整形美容,1
root-kepler186f.新加坡华康集团.杭州和睦医院杭州真爱医院,1
root-kepler186f.香港凤凰国际医疗投资集团,
root-kepler186f.香港凤凰国际医疗投资集团.邯郸仁爱妇科医院,1
root-kepler186f.香港凤凰国际医疗投资集团.许昌凤凰医院,1
root-kepler186f.陈新贤-新加坡华康集团,
root-kepler186f.陈新贤-新加坡华康集团.成都康新妇科医院,1
root-kepler186f.陈新贤-新加坡华康集团.武警四川总队医院（部分科室）,1
root-kepler186f.西红柿医疗集团,
root-kepler186f.西红柿医疗集团.上海市闵行区中医院,1
root-kepler186f.西红柿医疗集团.苏州东吴医院,1
root-kepler186f.西红柿医疗集团.成都华美美莱整形医院,1
root-kepler186f.西红柿医疗集团.泉州华美美莱整形医院,1
root-kepler186f.西红柿医疗集团.苏州华美美莱整形医院,1
root-kepler186f.西红柿医疗集团.广州华美美莱整形医院,1
root-kepler186f.西红柿医疗集团.昆明华美美莱整形医院,1
root-kepler186f.西红柿医疗集团.重庆华美美莱整形医院,1
root-kepler186f.西红柿医疗集团.福州华美美莱整形医院,1
root-kepler186f.西红柿医疗集团.北京华美美莱整形医院,1
root-kepler186f.西红柿医疗集团.上海华美美莱整形医院,1
root-kepler186f.西红柿医疗集团.一品健康体检中心（四家）,1
root-kepler186f.西红柿医疗集团.杭州新东方妇产科医院,1
root-kepler186f.西红柿医疗集团.厦门登特口腔医院,1
root-kepler186f.上海盛康医院投资管理有限公司,
root-kepler186f.上海盛康医院投资管理有限公司.淮安中山医院,1
root-kepler186f.上海盛康医院投资管理有限公司.嘉兴曙光中西医结合医院,1
root-kepler186f.上海盛康医院投资管理有限公司.重庆爱德华医院,1
root-kepler186f.上海盛康医院投资管理有限公司.上海英港泌尿外科医院,1
root-kepler186f.上海盛康医院投资管理有限公司.上海阿波罗男子医院,1
root-kepler186f.上海盛康医院投资管理有限公司.上海玫瑰女子医院,1
root-kepler186f.上海盛康医院投资管理有限公司.郑州华山医院,1
root-kepler186f.上海盛康医院投资管理有限公司.盐城协和康复医院,1
root-kepler186f.上海盛康医院投资管理有限公司.杭州阿波罗男子医院,1
root-kepler186f.上海盛康医院投资管理有限公司.许昌中山医院,1
root-kepler186f.福建誉盛投资(集团)公司,
root-kepler186f.福建誉盛投资(集团)公司.莆田盛兴医院,1
root-kepler186f.福建誉盛投资(集团)公司.福州福兴妇产医院,1
root-kepler186f.福建誉盛投资(集团)公司.福州誉盛医院,1
root-kepler186f.福建誉盛投资(集团)公司.南通和美家妇产科医院,1
root-kepler186f.福建誉盛投资(集团)公司.南通长城医院,1
root-kepler186f.福建誉盛投资(集团)公司.凉山妇产医院,1
root-kepler186f.福建誉盛投资(集团)公司.凉山男科医院,1
root-kepler186f.福建誉盛投资(集团)公司.莆田中西医肛肠医院,1
root-kepler186f.上海常庚医院管理有限公司,
root-kepler186f.上海常庚医院管理有限公司.上海圣爱医院,1
root-kepler186f.上海常庚医院管理有限公司.苏州圣爱医院,1
root-kepler186f.上海常庚医院管理有限公司.慈溪圣爱医院,1
root-kepler186f.上海常庚医院管理有限公司.上海同德医院,1
root-kepler186f.上海常庚医院管理有限公司.昆明仁爱医院,1
root-kepler186f.上海常庚医院管理有限公司.上海安平医院,1
root-kepler186f.詹国连-北京中健华医投资公司,
root-kepler186f.詹国连-北京中健华医投资公司.四川绵阳美康医院,1
root-kepler186f.上海恒达医疗投资公司,
root-kepler186f.上海恒达医疗投资公司.重庆生殖健康医院,1
root-kepler186f.上海恒达医疗投资公司.重庆红楼医院雅安解放军第三十七医院,1
root-kepler186f.上海恒达医疗投资公司.武警湖南省总队医院,1
root-kepler186f.上海恒达医疗投资公司.南充解放军51医院,1
root-kepler186f.上海恒达医疗投资公司.解放军第324医院,1
root-kepler186f.上海恒达医疗投资公司.解放军478医院妇产中心,1
root-kepler186f.上海恒达医疗投资公司.涪陵三峡医院,1
root-kepler186f.詹阳斌,
root-kepler186f.詹阳斌.天津华北医院,1
root-kepler186f.詹阳斌.天津华厦医院,1
root-kepler186f.詹阳斌.天津丽人女子医院,1
root-kepler186f.詹阳斌.北京天院,1
root-kepler186f.詹阳斌.北京俪人女子医院,1
root-kepler186f.詹阳斌.北京北海医院,1
root-kepler186f.詹阳斌.上海万众医疗投资股份有限公司,1
root-kepler186f.詹阳斌.上海万众医院,1
root-kepler186f.詹阳斌.上海安真医院,1
root-kepler186f.詹阳斌.上海福华医院,1
root-kepler186f.詹阳斌.上海玛丽女子医院,1
root-kepler186f.詹阳斌.温岭和平医院,1
root-kepler186f.詹阳斌.深圳福华中西医结合医院,1
root-kepler186f.詹阳斌.黑龙江东北医院等,1
root-kepler186f.陈金章、陈国兴,
root-kepler186f.陈金章、陈国兴.上海美迪亚医院集团旗下医院：,1
root-kepler186f.陈金章、陈国兴.上海虹桥医院,1
root-kepler186f.陈金章、陈国兴.上海健桥医院,1
root-kepler186f.陈金章、陈国兴.上海博爱医院,1
root-kepler186f.陈金章、陈国兴.上海长江医院,1
root-kepler186f.陈金章、陈国兴.杭州虹桥医院,1
root-kepler186f.陈金章、陈国兴.杭州建国医院,1
root-kepler186f.陈金章、陈国兴.杭州天目山医院,1
root-kepler186f.陈金章、陈国兴.宁波虹桥医院,1
root-kepler186f.陈金章、陈国兴.温州建国医院,1
root-kepler186f.陈金章、陈国兴.温州红旗医院,1
root-kepler186f.陈金章、陈国兴.无锡虹桥医院,1
root-kepler186f.陈金章、陈国兴.昆山虹桥医院,1
